times collected,species
1,Acidodontium subrotundum (Taylor) Wilson
1,Aloina brevirostris (Hook. & Grev.) Kindb.
1,Anoectangium aestivum (Hedwig) Mitten
1,Anomobryum apiculatum (Schwägr.) D. Bell & Holyoak
1,Aongstroemia grevilleana (Brid.) Müll. Hal.
1,Aplodon wormskioldii (Hornem.) R. Br.
1,"Aquilonium adscendens (Lindb.) Hedenäs, Schlesak & D. Quandt"
1,Bartramia brevifolia Brid.
1,Bartramia microstoma Mitt.
1,Bartramia subulata subsp. Americana Fransén
1,Brachythecium capillaceum (F. Weber & D. Mohr) Giacom.
1,Brachythecium erythrorrhizon var. Alpinum Kosovich-Anderson & Ignatov
1,Brachythecium falcatum (Grout) H.A. Crum
1,Brachythecium lamprocarpum (Müll. Hal.) A. Jaeger
1,Brachythecium mildeanum (Schimp.) Schimp. ex Milde
1,Brachythecium novae-angliae (Sull. & Lesq.) Austin
1,Brachythecium velutinum var. Velutinum
1,Brotherella recurvans (Michx.) M. Fleisch.
1,Bruchia hallii Austin
1,Bryoerythrophyllum aeneum (Müll. Hal.) B.H. Allen
1,Bryoerythrophyllum columbianum (F.J. Herm. & E. Lawton) R.H. Zander
1,Bryoerythrophyllum recurvirostrum (Hedw.) P.C. Chen
1,Bryolawtonia vancouveriensis (Kindb.) D.H. Norris & Enroth
1,Callicostella pallida (Hornsch.) Spruce
1,Calliergonellopsis dieckii (Renauld & Cardot) Jan Kučera & Ignatov
1,Calymperes levyanum Besch.
1,Campylopus flexuosus (Hedw.) Brid.
1,Campylopus fragilis (Brid.) Bruch & Schimp.
1,Ceratodon conicus (Hampe ex Müll. Hal.) Lindb.
1,"Chionoloma richardsii (E.B. Bartram) M. Alonso, M.J. Cano & J.A. Jiménez"
1,Clasmatodon parvulus (Hampe) Sull.
1,Crossidium crassinervium (De Not.) Jur.
1,Cynodontium jenneri (Schimp.) Stirt.
1,Cyrtomnium hymenophyllum (Bruch & Schimp.) Holmen
1,Desmatodon latifolius var. Latifolius
1,Dicranella heteromalla (Hedw.) Schimp.
1,Dicranum condensatum Hedw.
1,Dicranum spurium Hedw.
1,Ditrichum heteromallum (Hedw.) E. Britton
1,Ditrichum rhynchostegium Kindb.
1,Drepanocladus exannulatus var. Typicus
1,Drepanocladus fluitans var. Brachydictyus
1,Encalypta brevicolla (Bruch & Schimp.) Ångstr.
1,Encalypta spathulata Müll. Hal.
1,Encalypta vulgaris var. Rhabdocarpa
1,Entodon seductrix (Hedw.) Müll. Hal.
1,Entosthodon fascicularis (Hedw.) Müll. Hal.
1,Entosthodon tucsoni (E.B. Bartram) Grout
1,Eurhynchium pulchellum var. Pulchellum
1,Eurhynchium striatum (Schreb. ex Hedw.) Schimp.
1,Fabronia ciliaris subsp. Ciliaris
1,Fabronia schimperiana De Not.
1,Fissidens curvatus Hornsch.
1,Fissidens dubius P. Beauv.
1,Fissidens minutulus Sull.
1,Geheebia gigantea (Funck) Boulay
1,Gemmabryum valparaisense (Thér.) J.R. Spence
1,Grimmia alpestris var. Alpestris
1,Grimmia fuscolutea Hook.
1,Grimmia pulvinata var. Pulvinata
1,Grimmia ungeri Jur.
1,Grimmia unicolor Hook. ex Grev.
1,Hennediella longipedunculata (Müll. Hal.) R.H. Zander
1,Herzogiella turfacea (Lindb.) Z. Iwats.
1,Heterophyllium haldaneanum (Grev.) M. Fleisch.
1,Husnotiella johansenii (R.S. Williams) J.A. Jiménez & M.J. Cano
1,Hypnodendron arcuatum (Hedw.) Lindb.
1,Imbribryum miniatum (Lesq.) J.R. Spence
1,Isopterygiella alpicola (Lindb.) Ignatov & Ignatova
1,"Koponeniella graminicolor (Brid.) Huttunen, Ignatov, Min Li & Y.F. Wang"
1,Lescuraea stenophylla (Renauld & Cardot) Kindb.
1,Leskea gracilescens Hedw.
1,Leskea obscura Hedw.
1,Leucobryum aduncum Dozy & Molk.
1,Leucobryum glaucum (Hedw.) Ångstr.
1,"Lewinskya killiasii (Müll. Hal.) Kiebacher, Köckinger & Jan Kučera"
1,"Lewinskya pylaisii (Brid.) F. Lara, Garilleti & Goffinet"
1,"Lewinskya sordida (Sull. & Lesq.) F. Lara, Garilleti & Goffinet"
1,"Lewinskya striata (Hedw.) F. Lara, Garilleti & Goffinet"
1,Loeskypnum badium (Hartm.) H.K.G. Paul
1,Loeskypnum wickesiae (Grout) Tuom.
1,Meesia minor Brid.
1,"Merceyopsis cataractae (Mitt.) Brinda, Ignatov & Fedosov"
1,Microbryum starckeanum (Hedw.) R.H. Zander
1,Neckera douglasii Hook.
1,Ochiobryum handelii (Broth.) J.R. Spence & H.P. Ramsay
1,Orthothecium intricatum (Hartm.) Schimp.
1,Orthotrichum Hedw.
1,Orthotrichum columbicum Mitt.
1,Orthotrichum consimile Mitt.
1,Orthotrichum ohioense Sull. & Lesq.
1,Orthotrichum tenellum Bruch ex Brid.
1,Philonotis caespitosa Jur.
1,Physcomitrium hookeri Hampe
1,Physcomitrium immersum Sull.
1,Pireella pohlii (Schwägr.) Cardot
1,Plagiobryoides renauldii (Röll) J.R. Spence
1,Plagiomnium acutum (Lindb.) T.J. Kop.
1,Plagiomnium drummondii (Bruch & Schimp.) T.J. Kop.
1,Plagiomnium elatum (Bruch & Schimp.) T.J. Kop.
1,Plagiomnium undulatum (Hedw.) T.J. Kop.
1,Plagiopus alpinus (Schwägr.) Hedenäs
1,Plagiothecium sylvaticum (Brid.) Schimp.
1,Pohlia excelsa Kindb.
1,Pohlia filum (Schimp.) Mårtensson
1,Pohlia lescuriana (Sull.) Grout
1,Polytrichadelphus longisetus (Brid.) Mitt.
1,Polytrichum appalachianum L.E. Anderson
1,Polytrichum xanthopilum Wilson ex Mitt.
1,Pseudobraunia californica (Lesq.) Broth.
1,Pseudohygrohypnum eugyrium (Schimp.) Kanda
1,Pseudoleskeella papillosa (Lindb.) Kindb.
1,Ptychostomum arcticum (R. Br.) J.R. Spence
1,Ptychostomum calophyllum (R. Br.) J.R. Spence
1,"Pulvigera papillosa (Hampe) F. Lara, Draper & Garilleti"
1,Pylaisia selwynii Kindb.
1,Pyrrhobryum spiniforme (Hedw.) Mitt.
1,Racomitrium aciculare (Hedw.) Brid.
1,Rhizomnium andrewsianum (Steere) T.J. Kop.
1,Rhizomnium glabrescens (Kindb.) T.J. Kop.
1,Rhynchostegium aquaticum Spruce
1,Rhynchostegium complanum (Mitt.) A. Jaeger
1,Rhytidiadelphus loreus (Hedw.) Warnst.
1,Ruficaulis rufescens (Dicks.) Bonfim Santos & Fedosov
1,Sanionia nivalis Hedenäs
1,Schistidium atrofuscum (Schimp.) Limpr.
1,Schistidium readeri (Broth.) Ochyra & J. Muñoz
1,Schistidium recurvum H.H. Blom
1,Schistidium rivulare subsp. Rivulare
1,Schistidium robustum (Nees & Hornsch.) H.H. Blom
1,Schistidium venetum H.H. Blom
1,Schistidium viride H.H. Blom & Darigo
1,Scleropodium cespitans (Müll. Hal.) L.F. Koch
1,Sphagnum cuspidatum Ehrh. ex Hoffm.
1,Sphagnum fallax (H. Klinggr.) H. Klinggr.
1,Sphagnum tenellum (Brid.) Bory
1,Stegonia hyalinotricha (Cardot & Thér.) R.H. Zander
1,Stereodontopsis excavata (Broth.) Ando
1,Symblepharis vaginata (Hook. ex Harv.) Wijk & Margad.
1,Syntrichia fragilis (Taylor) Ochyra
1,Syntrichia obtusissima (Müll. Hal.) R.H. Zander
1,Syntrichia rubella (Hook. F. & Wilson) R.H. Zander
1,Tayloria serrata (Hedw.) Bruch & Schimp.
1,Thuidium blandovii (F. Weber & D. Mohr) Schimp.
1,Thuidium recognitum (Hedw.) Lindb.
1,Tortella rigens Alberts.
1,Tortula canescens Mont.
1,Tortula porteri (James) Broth.
1,Tortula protobryoides R.H. Zander
1,Tortula truncata (Hedw.) Mitt.
1,Trichostomum crispulum Bruch
1,Ulota crispa (Hedw.) Brid.
1,Ulota crispula Bruch
1,Ulota curvifolia D. Mohr
1,Weissia andrewsii E.B. Bartram
1,Weissia jamaicensis (Mitt.) Grout
2,Aloina bifrons (De Not.) Delgad.
2,Aloina hamulus (Müll. Hal.) Broth.
2,Andreaea nivalis Hook.
2,Anoectangium aestivum (Hedw.) Spruce
2,Arctoa blyttii (Bruch & Schimp.) Loeske
2,Atrichum altecristatum (Renauld & Cardot) Smyth & L.C.R. Smyth
2,Atrichum angustatum (Brid.) Bruch & Schimp.
2,Aulacomnium heterostichum (Hedw.) Bruch & Schimp.
2,Bartramia breviseta Lindb.
2,Brachymenium wrightii (Sull.) Broth.
2,Brachythecium glareosum (Bruch & Schimp. ex Fiedl.) Schimp.
2,Brachythecium ruderale (Brid.) W.R. Buck
2,Brachythecium salebrosum var. Salebrosum
2,Bryoandersonia illecebra (Hedw.) H. Rob.
2,Bryoxiphium norvegicum (Brid.) Mitt.
2,Bryum veronense De Not.
2,Buxbaumia viridis (Moug. ex Dc.) Brid. ex Moug. & Nestl.
2,Callicladium haldaneanum (Grev.) H.A. Crum
2,Calliergon megalophyllum Mikut.
2,Claopodium crispifolium (Hook.) Renauld & Cardot
2,Cnestrum schisti (F. Weber & D. Mohr) I. Hagen
2,Conostomum tetragonum (Hedw.) Lindb.
2,Ctenidium molluscum (Hedw.) Mitt.
2,Cynodontium strumiferum (Hedw.) Lindb.
2,Cynodontium tenellum (Schimp.) Limpr.
2,Cyrtomnium hymenophylloides (Huebener) T.J. Kop.
2,Dannorrisia bigelovii (Sull.) Enroth
2,Dicranodontium denudatum (Brid.) E. Britton
2,Dicranum majus Turner
2,Ditrichum pallidum (Hedw.) Brockm.
2,Ditrichum pusillum (Hedw.) Hampe
2,Drepanocladus trifarius (F. Weber & D. Mohr) Broth.
2,Entosthodon americanus (Lindb.) Fife
2,Geheebia fallax (Hedw.) R.H. Zander
2,Geheebia lurida (Hornsch. ex Spreng.) J.A. Jiménez & M.J. Cano
2,Gemmabryum coronatum (Schwägr.) J.R. Spence & H.P. Ramsay
2,Gertrudiella nevadensis (R.H. Zander) J.A. Jiménez & M.J. Cano
2,Grimmia bicolor Herzog
2,Grimmia decipiens (Schultz) Lindb.
2,Grimmia hartmanii Schimp.
2,Grimmia muehlenbeckii Schimp.
2,Grimmia orbicularis Bruch ex Wilson
2,Grimmia tergestina Tomm. ex Bruch & Schimp.
2,Heterocladium macounii Best
2,Homalothecium fulgescens (Mitt. ex Müll. Hal.) A. Jaeger
2,Homalothecium nuttallii (Wilson) A. Jaeger
2,Husnotiella revoluta Cardot
2,Hydrogonium arcuatum (Griff.) Wijk & Margad.
2,Hymenostylium recurvirostrum var. Recurvirostrum
2,Hyophiladelphus agrarius (Hedw.) R.H. Zander
2,Hypnum fujiyamae (Broth.) Paris
2,Isopterygiopsis muelleriana (Schimp.) Z. Iwats.
2,Kindbergia praelonga (Hedw.) Ochyra
2,Leucolepis acanthoneuros (Schwägr.) Lindb.
2,Orthotrichum laevigatum F. Laevigatum
2,Palustriella decipiens (De Not.) Ochyra
2,Philonotis seriata Mitt.
2,Plagiobryoides vinosula (Cardot) J.R. Spence
2,Plagiomnium venustum (Mitt.) T.J. Kop.
2,Plagiothecium denticulatum var. Obtusifolium (Turner) Moore
2,Plagiothecium undulatum (Hedw.) Schimp.
2,Plasteurhynchium striatulum (Spruce) M. Fleisch.
2,Polytrichum jensenii I. Hagen
2,Polytrichum ohioense Renauld & Cardot
2,Pottiopsis sweetii (E.B. Bartram) Ros & O. Werner
2,Pseudisothecium stoloniferum (Brid.) Grout
2,Pseudobryum cinclidioides (Huebener) T.J. Kop.
2,Pseudohygrohypnum fertile (Sendtn.) Jan Kučera & Ignatov
2,Ptychostomum archangelicum (Bruch & Schimp.) J.R. Spence
2,Ptychostomum funkii (Schwägr.) J.R. Spence
2,Pylaisia intricata (Hedw.) Schimp.
2,Racomitrium heterostichum (Hedw.) Brid.
2,Rhabdoweisia crispata (Dicks.) Lindb.
2,Rhizomnium gracile T.J. Kop.
2,Rhynchostegium serrulatum (Hedw.) Austin
2,Sarmentypnum tundrae (Arnell) Hedenäs
2,Schistidium canadense (Dupr.) Ignatova & H.H. Blom
2,Schistidium cinclidodonteum (Müll. Hal.) B. Bremer
2,Schistidium subincurvum (Austin) Ochyra
2,Sciuro-Hypnum hylotapetum (B.L. Higinb. & N.L. Higinb.) Ignatov & Huttunen
2,Sciuro-Hypnum populeum (Hedw.) Ignatov & Huttunen
2,Scleropodium touretii (Brid.) L.F. Koch
2,Sphagnum compactum Dc.
2,Splachnum sphaericum Hedw.
2,Syntrichia ruralis subsp. Hirsuta (Venturi) Düll
2,Tayloria splachnoides (Schleich. ex Schwägr.) Hook.
2,Tetraphis geniculata Girg. ex Milde
2,Tortella tortuosa var. Tortuosa
2,Tortula cuneifolia (Dicks.) Turner
2,Tortula guepinii (Bruch & Schimp.) Broth.
2,"Tortula mucronifera W. Frey, Kürschner & Ros"
2,Trichodon cylindricus (Hedw.) Schimp.
2,Trochophyllohypnum circinale (Hook.) Jan Kučera & Ignatov
2,Warnstorfia pseudostraminea (Müll. Hal.) Tuom. & T.J. Kop.
2,Zygodon rupestris Schimp. ex Lorentz
3,"Alleniella complanata (Hedw.) S. Olsson, Enroth & D. Quandt"
3,Andreaea blyttii Schimp.
3,Andreaea heinemannii Hampe & Müll. Hal.
3,Anomobryum concinnatum (Spruce) A. Jaeger
3,Aongstroemia schreberiana (Hedw.) Bonfim Santos & Fedosov
3,"Aquilonium plicatulum (Lindb.) Hedenäs, Schlesak & D. Quandt"
3,Bartramia laevisphaera (Taylor) Müll. Hal.
3,Bartramia pomiformis Hedw.
3,Brachytheciastrum leibergii (Grout) Ignatov & Huttunen
3,Bryum caespiticum
3,Bryum coloradense Kindb.
3,Buxbaumia aphylla Hedw.
3,Calliergonella cuspidata (Hedw.) Loeske
3,Calohypnum amabile (Mitt.) Jan Kučera & Ignatov
3,Ceratodon heterophyllus Kindb.
3,Crossidium aberrans Holz. & E.B. Bartram
3,"Dicranellopsis crispa (Hedw.) Bonfim Santos, Siebel & Fedosov"
3,Dicranum drummondii Müll. Hal.
3,Elodium paludosum (A. Jaeger) Austin ex C.F. Parker
3,Encalypta pilifera Funck
3,Entodon cladorrhizans (Hedw.) Müll. Hal.
3,Entosthodon muhlenbergii (Turner) Fife
3,Eucladium verticillatum (With.) Bruch & Schimp.
3,Funaria flavicans Michx.
3,Gemmabryum klinggraeffii (Schimp.) J.R. Spence & H.P. Ramsay
3,Grimmia apocarpa var. Apocarpa
3,Grimmia arizonae Renauld & Cardot
3,Grimmia elongata Kaulf.
3,Grimmia lisae De Not.
3,Hamatocaulis vernicosus (Mitt.) Hedenäs
3,Haplocladium microphyllum (Sw. ex Hedw.) Broth.
3,Hedwigia emodica Hampe ex Müll. Hal.
3,Hedwigia nivalis (Müll. Hal.) Mitt.
3,Hygrohypnum dilitatum (Wilson) Loeske
3,Hylocomiadelphus triquetrus (Hedw.) Ochyra & Stebel
3,Hypnum resupinatum Taylor
3,Leptodon smithii (Dicks. ex Hedw.) F. Weber & D. Mohr
3,Lescuraea incurvata var. Incurvata
3,Lescuraea radicosa var. Denudata (Kindb.) E. Lawton
3,Lescuraea saviana (De Not.) E. Lawton
3,Mnium stellare Hedw.
3,Myurella tenerrima (Brid.) Lindb.
3,Orthodicranum fulvum (Hook.) G. Roth
3,Philonotis capillaris Lindb.
3,Philonotis falcata (Hook.) Mitt.
3,Philonotis uncinata (Schwägr.) Brid.
3,Plagiomnium vesicatum (Besch.) T.J. Kop.
3,Pogonatum dentatum (Menzies ex Brid.) Brid.
3,Pohlia annotina (Hedw.) Lindb.
3,Polytrichum hyperboreum R. Br.
3,Rhacomitrium fasciculare
3,Rhytidiopsis robusta (Hook.) Broth.
3,Seligeria tristichoides Kindb.
3,Sphagnum obtusum Warnst.
3,Sphagnum recurvum P. Beauv.
3,Sphagnum rubellum Wilson
3,Syntrichia caninervis var. Caninervis
3,Tayloria hornschuchii (Grev. & Arn.) Broth.
3,Tortula amplexa (Lesq.) Steere
3,Tortula brevipes (Lesq.) Broth.
3,Tortula nevadensis (Cardot & Thér.) R.H. Zander
3,Vinealobryum insulanum (De Not.) R.H. Zander
4,Brachythecium asperrimum (Mitt. ex Müll. Hal.) Sull.
4,Cinclidium stygium Sw.
4,Cirriphyllum piliferum (Hedw.) Grout
4,Codriophorus acicularis (Hedw.) P. Beauv.
4,Dendroalsia abietina (Hook.) E. Britton
4,Drepanium fastigiatum (Brid.) Lange & C.E.O. Jensen
4,Drepanocladus angustifolius (Hedenäs) Hedenäs & Rosborg
4,Fissidens crispus Mont.
4,Fissidens pusillus (Wilson) Milde
4,Homalothecium lutescens (Hedw.) H. Rob.
4,Lescuraea radicosa var. Compacta (Best) E. Lawton
4,Niphotrichum ericoides (Brid.) Bedn.-Ochyra & Ochyra
4,Orthothecium strictum Lorentz
4,Philonotis calcarea (Bruch & Schimp.) Schimp.
4,Physcomitrium serratum (Wilson & Hook.) Müll. Hal.
4,Plagiomnium affine (Blandow) T.J. Kop.
4,Pohlia andalusica (Höhn.) Broth.
4,Pseudocrossidium replicatum (Taylor) R.H. Zander
4,Ptychostomum kunzei (Hornsch.) J.R. Spence
4,Rhexophyllum subnigrum (Mitt.) Hilp.
4,Sanionia georgicouncinata (Müll. Hal.) Ochyra & Hedenäs
4,Seligeria donniana (Sm.) Müll. Hal.
4,Timmia norvegica J.E. Zetterst.
5,Aloina rigida (Hedw.) Limpr.
5,Atrichum tenellum (Röhl.) Bruch & Schimp.
5,Atrichum undulatum (Hedw.) P. Beauv.
5,Bryum capillare Hedw.
5,Bucklandiella heterosticha (Hedw.) Bedn.-Ochyra & Ochyra
5,Didymodon tectorum (Müll. Hal.) K. Saito
5,"Dilutineuron fasciculare (Schrad. ex Hedw.) Bedn.-Ochyra, Sawicki, Ochyra, Szczecińska & Plášek"
5,Drepanocladus aduncus var. Aduncus
5,Drepanocladus sordidus (Müll. Hal.) Hedenäs
5,Fissidens obtusifolius Wilson
5,Fissidens viridulus (Sw.) Wahlenb.
5,Fontinalis missourica Cardot
5,Homomallium mexicanum Cardot
5,"Lewinskya affinis (Brid.) F. Lara, Garilleti & Goffinet"
5,Orthotrichum strangulatum P. Beauv.
5,"Polytrichastrum septentrionale (Sw. ex Brid.) E.I. Ivanova, N.E. Bell & Ignatov"
5,Pseudoamblystegium subtile (Hedw.) Vanderp. & Hedenäs
5,Pseudocampylium radicale (P. Beauv.) Vanderp. & Hedenäs
5,Pyrrhobryum medium (Besch.) Manuel
5,Schistidium boreale Poelt
5,Schistidium coloradense (Austin) Ochyra
5,Schistidium teretinerve (Limpr.) Limpr.
5,Sphagnum balticum (Russow) C.E.O. Jensen
5,Syntrichia norvegica var. Cainii (H.A. Crum & L.E. Anderson) W.A. Kramer
6,Andreaea rothii F. Weber & D. Mohr
6,Bryum blindii Bruch & Schimp.
6,Bucklandiella macounii (Kindb.) Bedn.-Ochyra & Ochyra
6,Buxbaumia piperi Best
6,Campylium protensum (Brid.) Kindb.
6,Campylophyllum halleri (Hedw.) M. Fleisch.
6,Didymodon anserinocapitatus (X.J. Li) R.H. Zander
6,Drepanocladus sendtneri (Schimp. ex H. Müll.) Warnst.
6,Funaria microstoma Bruch ex Schimp.
6,Gymnostomum calcareum Nees & Hornsch.
6,Homalothecium aeneum (Mitt.) E. Lawton
6,Lindbergia brachyptera (Mitt.) Kindb.
6,Orthotrichum pallens Bruch ex Brid.
6,Physcomitrium pyriforme (Hedw.) Brid.
6,Plagiomnium ciliare (Müll. Hal.) T.J. Kop.
6,Plagiomnium succulentum (Mitt.) T.J. Kop.
6,Pseudoleskeella catenulata (Brid. ex Schrad.) Kindb.
6,"Pulvigera lyellii (Hook. & Taylor) Plášek, Sawicki & Ochyra"
6,"Roaldia revoluta var. Dolomitica (Milde) P.E.A.S. Câmara, Carv.-Silva & M. Stech"
6,Rosulabryum canariense (Brid.) Ochyra
6,Schistidium papillosum Culm.
6,Sphagnum contortum Schultz
6,Tortula atrovirens (Sm.) Lindb.
6,Tortula cernua (Huebener) Lindb.
6,Voitia nivalis Hornsch.
6,Weissia planifolia Dixon
7,Aschisma kansanum A.L. Andrews
7,Aulacomnium turgidum (Wahlenb.) Schwägr.
7,Campylophyllopsis sommerfeltii (Myrin) Ochyra
7,Claopodium rostratum (Hedw.) Ignatov
7,Dicranum acutifolium (Lindb. & Arnell) C.E.O. Jensen
7,Geheebia ferruginea (Schimp. ex Besch.) R.H. Zander
7,Hypnum cupressiforme var. Cupressiforme
7,Imbribryum mildeanum (Jur.) J.R. Spence
7,Leskea polycarpa Hedw.
7,Mnium hornum Hedw.
7,Mnium spinosum (Voit) Schwägr.
7,Orthodicranum flagellare (Hedw.) Loeske
7,Paludella squarrosa (Hedw.) Brid.
7,Pseudocrossidium adustum (Mitt.) M.J. Cano
7,Serpoleskea confervoides (Brid.) Loeske
7,Streblotrichum convolutum (Hedw.) P. Beauv.
7,Syntrichia princeps (De Not.) Mitt.
7,Tortella alpicola Dixon
7,Weissia glauca E.B. Bartram
8,Brachythecium frigidum (Müll. Hal.) Besch.
8,Brachythecium rutabulum (Hedw.) Schimp.
8,Calliergonella curvifolia (Hedw.) B.H. Allen
8,Grimmia caespiticia (Brid.) Jur.
8,Grimmia crinitoleucophaea Cardot
8,Imbribryum muehlenbeckii (Bruch & Schimp.) N. Pedersen
8,Molendoa handelii (Schiffn.) Brinda & R.H. Zander
8,Orthothecium chryseon (Schwägr.) Schimp.
8,Platygyrium repens (Brid.) Schimp.
8,Pohlia bulbifera (Warnst.) Warnst.
8,Pohlia ludwigii (Spreng. ex Schwägr.) Broth.
8,Polytrichastrum sexangulare (Flörke ex Brid.) G.L. Sm.
8,Ptilium crista-castrensis (Hedw.) De Not.
8,Ptychostomum intermedium (Brid.) J.R. Spence
8,Schistidium ambiguum Sull.
8,Sphagnum girgensohnii Russow
8,Stereodon hamulosus (Schimp.) Lindb.
9,Catoscopium nigritum (Hedw.) Brid.
9,Cnestrum alpestre (Wahlenb.) Nyholm
9,Didymodon icmadophilus (Schimp. ex Müll. Hal.) K. Saito
9,Encalypta alpina Sm.
9,Hymenoloma mulahaceni (Höhn.) Ochyra
9,Orthotrichum diaphanum Schrad. ex Brid.
9,Pohlia camptotrachela (Renauld & Cardot) Broth.
9,Ptychostomum schleicheri (Dc.) J.R. Spence
9,Sciuro-Hypnum curtum (Lindb.) Ignatov
9,Syntrichia calcicola J.J. Amann
9,Syntrichia sinensis (Müll. Hal.) Ochyra
9,Tortula muralis Hedw.
9,Tortula plinthobia (Sull. & Lesq.) Austin
10,Blindiadelphus campylopodus (Kindb.) Fedosov & Ignatov
10,Brachythecium brandegeei (Austin) H. Rob.
10,Calliergon giganteum (Schimp.) Kindb.
10,Dichelyma uncinatum Mitt.
10,Dicranum brevifolium (Lindb.) Lindb.
10,Dicranum spadiceum J.E. Zetterst.
10,Grimmia reflexidens Müll. Hal.
10,Imbribryum subapiculatum (Hampe) D. Bell & Holyoak
10,Leptopterigynandrum subintegrum (Mitt.) Broth.
10,Mnium spinulosum Bruch & Schimp.
10,Plagiobryum zieri (Dicks. ex Hedw.) Lindb.
10,Plagiomnium rostratum (Schrad.) T.J. Kop.
10,Ptychostomum lonchocaulon (Müll. Hal.) J.R. Spence
10,Syntrichia pagorum (Milde) J.J. Amann
10,Tayloria acuminata Hornsch.
10,Warnstorfia exannulata var. exannulata
11,Bartramia stricta Brid.
11,"Brachytheciastrum salicinum (Schimp.) Orgaz, M.J. Cano & J. Guerra"
11,Brachythecium acutum (Mitt.) Sull. ex Austin
11,Brachythecium campestre (Müll. Hal.) Schimp.
11,"Calcidicranella varia (Hedw.) Bonfim Santos, Fedosov & Jan Kučera"
11,Cynodontium gracilescens (F. Weber & D. Mohr) Schimp.
11,Homomallium adnatum (Hedw.) Broth.
11,Hygroamblystegium fluviatile (Hedw.) Loeske
11,Hygrohypnum styriacum (Limpr.) Broth.
11,Sciuro-Hypnum starkei (Brid.) Ignatov & Huttunen
11,Weissia ligulifolia (E.B. Bartram) Grout
12,Dicranum bonjeanii De Not.
12,Didymodon subandreaeoides (Kindb.) R.H. Zander
12,"Lewinskya speciosa (Nees) F. Lara, Garilleti & Goffinet"
12,Orthotrichum pumilum Sw.
12,Polytrichum formosum Hedw.
12,Pseudanomodon attenuatus (Hedw.) Ignatov & Fedosov
12,Ptychostomum cryophilum (Mårtensson) J.R. Spence
12,Ptychostomum knowltonii (Barnes) J.R. Spence
12,Schistidium occidentale (E. Lawton) S.P. Churchill
12,Stereodon pratensis (W.D.J. Koch ex Spruce) E. Britton
12,Syntrichia bartramii (Steere) R.H. Zander
12,Syntrichia papillosa (Wilson ex Spruce) Spruce
12,Syntrichia ruralis subsp. Subpapillosissima (W.A. Kramer) W.A. Kramer
12,Trichostomopsis australasiae (Hook. & Grev.) H. Rob.
13,"Callicladium imponens (Hedw.) Hedenäs, Schlesak & D. Quandt"
13,Crossidium squamiferum (Viv.) Jur.
13,Dicranum groenlandicum Brid.
13,Drepanocladus capillifolius (Warnst.) Warnst.
13,Haplodontium macrocarpum (Drumm.) J.R. Spence
13,Hylocomiastrum pyrenaicum (Spruce) M. Fleisch. ex Broth.
13,Plagiothecium cavifolium (Brid.) Z. Iwats.
13,Roellobryon roellii (Broth.) Ochyra
13,Schistidium pulchrum H.H. Blom
14,Bartramia potosica Mont.
14,Brachythecium albicans (Hedw.) Schimp.
14,Brachythecium laetum (Brid.) Schimp.
14,Ceratodon purpureus F. Brevifolius (Milde) E. Britton ex Grout
14,"Dicranellopsis subulata (Hedw.) Bonfim Santos, Siebel & Fedosov"
14,Grimmia anomala Hampe ex Schimp.
14,Platyhypnum cochleariifolium (Venturi) Ochyra
14,Platyhypnum smithii (Sw.) Ochyra
14,Ptychostomum cyclophyllum (Schwägr.) J.R. Spence
14,Racomitrium canescens (Hedw.) Brid.
14,Schistidium platyphyllum (Mitt.) Perss.
15,Anacolia menziesii (Turner) Paris
15,Bryoerythrophyllum ferruginascens (Stirt.) Giacom.
15,Bryum gemmiparum De Not.
15,Fissidens osmundioides Hedw.
15,Gemmabryum dichotomum (Hedw.) J.R. Spence & H.P. Ramsay
15,Grimmia incurva Schwägr.
15,Grimmia laevigata (Brid.) Brid.
15,Molendoa sendtneriana (Bruch & Schimp.) Limpr.
15,Pohlia elongata var. Acuminata (Hornsch.) Huebener
15,Polytrichum commune Hedw.
15,Sarmentypnum trichophyllum (Warnst.) Hedenäs
15,Schistidium flaccidum (De Not.) Ochyra
15,Schistidium strictum (Turner) Loeske ex Mårtensson
15,Scorpidium scorpioides (Hedw.) Limpr.
15,Sphagnum platyphyllum (Lindb. ex Braithw.) Sull. ex Warnst.
15,Tayloria froelichiana (Hedw.) Mitt. ex Broth.
15,Tortula leucostoma (R. Br.) Hook. & Grev.
16,Amblyodon dealbatus (Hedw.) P. Beauv.
16,"Anomobryum julaceum (Schrad. ex G. Gaertn., B. Mey. & Scherb.) Schimp."
16,Calliergon richardsonii (Mitt.) Kindb. ex G. Roth
16,Campylopus subulatus Schimp. ex Milde
16,"Chionoloma tenuirostre (Hook. & Taylor) M. Alonso, M.J. Cano & J.A. Jiménez"
16,Drepanocladus polygamus (Schimp.) Hedenäs
16,Encalypta procera Bruch
16,Fissidens sublimbatus Grout
16,Pogonatum urnigerum (Hedw.) P. Beauv.
16,Sciuro-Hypnum oedipodium (Mitt.) Ignatov & Huttunen
16,Taxithelium planum (Brid.) Mitt.
16,Tortula subulata Hedw.
16,Tortula systylia (Schimp.) Lindb.
17,Climacium americanum Brid.
17,Homalothecium aureum (Spruce) H. Rob.
17,"Jochenia pallescens (Hedw.) Hedenäs, Schlesak & D. Quandt"
17,Ptychostomum cernuum (Hedw.) Hornsch.
17,Schistidium atrichum (Müll. Hal. & Kindb.) W.A. Weber
17,Sciuro-Hypnum plumosum (Hedw.) Ignatov & Huttunen
17,Sphagnum capillifolium (Ehrh.) Hedw.
17,Syntrichia virescens (De Not.) Ochyra
18,Bucklandiella sudetica (Funck) Bedn.-Ochyra & Ochyra
18,Eurhynchiastrum diversifolium (Schimp.) J. Guerra
18,Tortula inermis (Brid.) Mont.
18,Weissia condensa (Voit) Lindb.
19,Amphidium mougeotii (Bruch & Schimp.) Schimp.
19,Drepanocladus turgescens (T. Jensen) Broth.
19,Nyholmiella obtusifolia (Brid.) Holmen & E. Warncke
19,Tayloria lingulata (Dicks.) Lindb.
20,Coscinodon cribrosus (Hedw.) Spruce
20,Leptopterigynandrum austroalpinum Müll. Hal.
20,Orthotrichum cupulatum Hoffm. ex Brid.
20,Paraleucobryum sauteri (Bruch & Schimp.) Loeske
20,Plagiopus oederianus (Sw.) H.A. Crum & L.E. Anderson
20,Ptychostomum inclinatum (Sw. ex Brid.) J.R. Spence
20,Schistidium frigidum H.H. Blom
20,Schistidium trichodon (Brid.) Poelt
21,Arctoa starkei (F. Weber & D. Mohr) Loeske
21,Saelania glaucescens (Hedw.) Broth.
21,Syntrichia montana Nees
21,Tortella arctica (Arnell) Crundw. & Nyholm
21,Vinealobryum brachyphyllum (Sull.) R.H. Zander
22,Orthodicranum tauricum (Sapjegin) Smirnova
22,Tomentypnum nitens (Hedwig) Loeske
23,Barbula unguiculata Hedw.
23,Brachytheciastrum velutinum (Hedw.) Ignatov & Huttunen
23,Lescuraea arizonae (R.S. Williams) P.S. Wilson & D.H. Norris
23,Lescuraea saxicola (Schimp.) Molendo
23,Orthodicranum montanum (Hedw.) Loeske
24,Bryum lanatum (P. Beauv.) Brid.
24,Drepanocladus polycarpos (Blandow ex Voit) Warnst.
24,Platyhypnum molle (Hedw.) Loeske
25,Dicranum elongatum Schleich. ex Schwägr.
25,Grimmia pilifera P. Beauv.
25,Imbribryum alpinum (Huds. ex With.) N. Pedersen
25,Rhizomnium punctatum (Hedw.) T.J. Kop.
25,Timmia bavarica Hessl.
26,Brachythecium acuminatum (Hedw.) Austin
26,Dicranum fuscescens Turner
26,Fabronia pusilla Raddi
26,Flexitrichum gracile (Mitt.) Ignatov & Fedosov
26,Hymenostylium recurvirostrum (Hedw.) Dixon
26,Jaffueliobryum wrightii (Sull.) Thér.
26,Plagiobryum demissum (Hook.) Lindb.
26,Pohlia tundrae A.J. Shaw
26,Tortula acaulon (With.) R.H. Zander
27,Aulacomnium androgynum (Hedw.) Schwägr.
27,Calliergon cordifolium (Hedw.) Kindb.
27,Dicranum polysetum Sw.
27,"Hygroamblystegium humile (P. Beauv.) Vanderp., Hedenäs & Goffinet"
27,Lescuraea patens (Lindb.) Arnell & C.E.O. Jensen
27,Pterygoneurum subsessile (Brid.) Jur.
28,Didymodon acutus (Brid.) K. Saito
28,Entodon concinnus (De Not.) Paris
28,Grimmia trichophylla Grev.
28,Hennediella heimii (Hedw.) R.H. Zander
28,Hygrohypnella bestii (Renauld & Bryhn) Ignatov & Ignatova
28,Orthotrichum pellucidum Lindb.
29,Flexitrichum flexicaule (Schwägr.) Ignatov & Fedosov
29,Grimmia torquata Hook.
29,Mielichhoferia mielichhoferiana (Funck) Loeske
29,Plagiothecium laetum Schimp.
29,Ptychostomum pallens (Sw.) J.R. Spence
29,Tortula laureri (Schultz) Lindb.
30,Jaffueliobryum raui (Austin) Thér.
30,Mnium lycopodioides Schwägr.
30,Sphagnum angustifolium (Russow) C.E.O. Jensen
31,Gymnostomum aeruginosum Sm.
31,Isopterygiella pulchella (Hedw.) Ignatov & Ignatova
31,Palustriella commutata (Hedw.) Ochyra
31,Plagiomnium medium (Bruch & Schimp.) T.J. Kop.
32,Brachytheciastrum fendleri (Sull.) Ochyra & Żarnowiec
32,Drepanocladus longifolius (Wilson ex Mitt.) Broth. ex Paris
32,Pseudoleskeella rupestris (Berggr.) Hedenäs & L. Söderstr.
32,Rosulabryum flaccidum (Brid.) J.R. Spence
32,Stegonia latifolia (Schwägr.) Venturi ex Broth.
33,Brachythecium turgidum (Hartm.) Kindb.
33,Geheebia tophacea (Brid.) R.H. Zander
33,Grimmia pulvinata (Hedw.) Sm.
33,Husnotiella asperifolia (Mitt.) J.A. Jiménez & M.J. Cano
33,Hygroamblystegium varium (Hedw.) Mönk.
33,Schistidium tenerum (J.E. Zetterst.) Nyholm
33,Sphagnum fuscum (Schimp.) H. Klinggr.
34,Dichelyma falcatum (Hedw.) Myrin
34,Pterygoneurum ovatum (Hedw.) Dixon
35,Atrichum selwynii Austin
35,Meesia uliginosa Hedw.
35,Philonotis marchica (Hedw.) Brid.
35,Pohlia bolanderi (Lesq.) Broth.
35,Schistidium dupretii (Thér.) W.A. Weber
36,Bryum calobryoides J.R. Spence
36,Conardia compacta (Müll. Hal.) H. Rob.
36,Pleurozium schreberi (Willd. ex Brid.) Mitt.
36,Sphagnum fimbriatum Wilson
37,Sphagnum teres (Schimp.) Ångstr. ex C. Hartm.
38,Dichodontium pellucidum (Hedw.) Schimp.
38,Homalothecium nevadense (Lesq.) Renauld & Cardot
39,Hygroamblystegium tenax (Hedw.) Jenn.
39,Mielichhoferia elongata (Hoppe & Hornsch. ex Hook.) Hornsch.
39,Pterigynandrum filiforme Hedw.
40,Brachythecium salebrosum (Hoffm. ex F. Weber & D. Mohr) Schimp.
40,Grimmia sessitana De Not.
40,Platydictya jungermannioides (Brid.) H.A. Crum
40,Tortella fragilis (Drumm.) Limpr.
41,Distichium inclinatum (Hedw.) Bruch & Schimp.
41,Pohlia elongata Hedw.
43,Campylium chrysophyllum (Brid.) Lange
43,Platyhypnum duriusculum (De Not.) Ochyra
43,Pohlia proligera (Kindb. ex Breidl.) Lindb. ex Arnell
43,Syntrichia caninervis Mitt.
44,Rhizomnium pseudopunctatum (Bruch & Schimp.) T.J. Kop.
44,Sphagnum squarrosum Crome
44,Tetraphis pellucida Hedw.
45,Bartramia subulata Bruch & Schimp.
45,Fissidens bryoides Hedw.
46,Pohlia drummondii (Müll. Hal.) A.L. Andrews
46,Rosulabryum moravicum (Podp.) Ochyra & Stebel
47,Dicranoweisia cirrata (Hedw.) Lindb. ex Milde
47,Polytrichum strictum Menzies ex Brid.
47,Schistidium rivulare (Brid.) Podp.
47,Weissia controversa Hedw.
48,Fontinalis hypnoides Hartm.
48,Myurella julacea (Schwägr.) Schimp.
49,Campylopus schimperi Milde
49,Scorpidium revolvens (Sw.) Rubers
49,Tomentypnum nitens (Hedw.) Loeske
50,Blindia acuta (Hedw.) Bruch & Schimp.
50,Paraleucobryum longifolium (Ehrh. ex Hedw.) Péterfi
50,Pohlia obtusifolia (Vill. ex Brid.) L.F. Koch
50,Vinealobryum vineale (Brid.) R.H. Zander
52,Fabronia ciliaris (Brid.) Brid.
53,Fontinalis antipyretica Hedw.
53,Pylaisia polyantha (Hedw.) Schimp.
53,Schistidium confertum (Funck) Bruch & Schimp.
54,Straminergon stramineum (Dicks. ex Brid.) Hedenäs
54,Timmia megapolitana Hedw.
55,Grimmia mollis Bruch & Schimp.
55,Leptodictyum riparium (Hedw.) Warnst.
55,Orthotrichum anomalum Hedw.
56,Grimmia plagiopodia Hedw.
56,Plagiomnium cuspidatum (Hedw.) T.J. Kop.
56,Sarmentypnum sarmentosum (Wahlenb.) Tuom. & T.J. Kop.
57,Mnium blyttii Bruch & Schimp.
57,Neckera oligocarpa Bruch
57,Neckera pennata Hedw.
60,Niphotrichum canescens (Hedw.) Bedn.-Ochyra & Ochyra
60,Tortula obtusifolia (Schwägr.) Mathieu
61,Grimmia anodon Bruch & Schimp.
63,Ptychostomum creberrimum (Taylor) J.R. Spence & H.P. Ramsay
63,Rosulabryum capillare (Hedw.) J.R. Spence
64,Philonotis americana Dism.
64,Philonotis tomentella Molendo
65,Encalypta rhaptocarpa Schwägr.
65,Fontinalis neomexicana Sull. & Lesq.
68,Andreaea rupestris Hedw.
68,Brachythecium cirrosum (Schwägr.) Schimp.
68,Encalypta ciliata Hedw.
68,Oreas martiana (Hoppe & Hornsch.) Brid.
68,Warnstorfia fluitans (Hedw.) Loeske
69,Helodium blandovii (F. Weber & D. Mohr) Warnst.
70,Polytrichum longisetum Sw. ex Brid.
72,Ptychostomum weigelii (Biehler) J.R. Spence
74,Grimmia donniana Sm.
74,Hylocomium splendens (Hedw.) Schimp.
76,"Buckia vaucheri (Lesq.) D. Ríos, M.T. Gallego & J. Guerra"
80,Grimmia ovalis (Hedw.) Lindb.
82,Ptychostomum turbinatum (Hedw.) J.R. Spence
82,Tortella tortuosa (Schrad. ex Hedw.) Limpr.
84,Calliergonella lindbergii (Mitt.) Hedenäs
84,Funaria hygrometrica Hedw.
84,Mnium thomsonii Schimp.
85,Grimmia alpestris (F. Weber & D. Mohr) Schleich.
85,Pohlia longicolla (Hedw.) Lindb.
85,Rhizomnium magnifolium (Horik.) T.J. Kop.
86,Palustriella falcata (Brid.) Hedenäs
88,Didymodon rigidulus Hedw.
90,Dicranum muehlenbeckii Bruch & Schimp.
90,Ptychostomum bimum (Schreb.) J.R. Spence
91,Abietinella abietina (Hedw.) M. Fleisch.
92,Plagiomnium ellipticum (Brid.) T.J. Kop.
94,Plagiothecium denticulatum (Hedw.) Schimp.
95,Mnium marginatum (Dicks.) P. Beauv.
95,Scorpidium cossonii (Schimp.) Hedenäs
96,"Brideliella wahlenbergii (Brid.) Fedosov, M. Stech & Ignatov"
96,Lescuraea incurvata (Hedw.) E. Lawton
96,Pohlia wahlenbergii (F. Weber & D. Mohr) A.L. Andrews
96,Pseudoleskeella nervosa (Brid.) Nyholm
97,Amphidium lapponicum (Hedw.) Schimp.
100,Sciuro-Hypnum latifolium (Kindb.) Ignatov & Huttunen
101,Leptobryum pyriforme (Hedw.) Wilson
110,Sphagnum warnstorfii Russow
111,Grimmia elatior Bruch ex Bals.-Criv. & De Not.
112,Grimmia montana Bruch & Schimp.
112,Orthotrichum alpestre Hornsch. ex Bruch & Schimp.
112,Ptychostomum compactum Hornsch.
112,Schistidium agassizii Sull. & Lesq.
114,Bucklandiella affinis (Schleich. ex F. Weber & D. Mohr) Bedn.-Ochyra & Ochyra
115,Hygrohypnum luridum (Hedw.) Jenn.
115,Rhytidium rugosum (Hedw.) Austin ex C.F. Parker
115,Timmia austriaca Hedw.
117,Paraleucobryum enerve (Thed.) Loeske
120,Bartramia ithyphylla Brid.
121,Bryum argenteum Hedw.
121,Ptychostomum imbricatulum (Müll. Hal.) Holyoak & N. Pedersen
122,Eurhynchiastrum pulchellum (Hedw.) Ignatov & Huttunen
122,Lescuraea radicosa (Mitt.) Mönk.
123,Schistidium apocarpum (Hedw.) Bruch & Schimp.
128,Polytrichastrum lyallii (Mitt.) G.L. Sm.
135,Mnium arizonicum J.J. Amann
135,Orthotrichum hallii Sull. & Lesq.
136,Campylium stellatum (Hedw.) Lange & C.E.O. Jensen
136,Polytrichastrum alpinum
137,Ptychostomum pseudotriquetrum (Hedw.) J.R. Spence & H.P. Ramsay
138,Sphagnum russowii Warnst.
139,Ptychostomum pallescens (Schleich. ex Schwägr.) J.R. Spence
142,Grimmia longirostris Hook.
143,Brachythecium rivulare Schimp.
143,"Lewinskya laevigata (J.E. Zetterst.) F. Lara, Garilleti & Goffinet"
144,Dicranum scoparium Hedw.
145,Oncophorus virens (Hedw.) Brid.
146,Cratoneuron filicinum (Hedw.) Spruce
146,Hedwigia ciliata (Hedw.) Boucher
146,Polytrichum juniperinum Hedw.
147,Hypnum cupressiforme Hedw.
149,Climacium dendroides (Hedw.) F. Weber & D. Mohr
150,Encalypta vulgaris Hedw.
150,Tortula mucronifolia Schwägr.
151,Dicranum rhabdocarpum Sull.
151,Syntrichia norvegica F. Weber
158,Brachythecium erythrorrhizon Schimp.
166,Polytrichum piliferum Hedw.
168,Philonotis fontana (Hedw.) Brid.
168,Sarmentypnum exannulatum (Schimp.) Hedenäs
175,Bryoerythrophyllum recurvirostrum (Hedw.) Chen
178,Hygrohypnella ochracea (Turner ex Wilson) Ignatov & Ignatova
180,Drepanocladus aduncus (Hedw.) Warnst.
184,Pseudoleskeella tectorum (Funck ex Brid.) Kindb. ex Broth.
186,Distichium capillaceum (Hedw.) Bruch & Schimp.
188,"Lewinskya rupestris (Schleich. ex Schwägr.) F. Lara, Garilleti & Goffinet"
192,Amblystegium serpens (Hedw.) Schimp.
194,Pohlia cruda (Hedw.) Lindb.
197,Tortula hoppeana (Schultz) Ochyra
203,Coscinodon calyptratus (Drumm.) C.E.O. Jensen
241,Pohlia nutans (Hedw.) Lindb.
243,Sanionia uncinata (Hedw.) Loeske
247,Hymenoloma crispulum (Hedw.) Ochyra
252,Brachytheciastrum collinum (Schleich. ex Müll. Hal.) Ignatov & Huttunen
262,Aulacomnium palustre (Hedw.) Schwägr.
320,Syntrichia ruralis (Hedw.) F. Weber & D. Mohr
399,Ceratodon purpureus (Hedw.) Brid.
478,Roaldia revoluta (Mitt.) P.E.A.S. Câmara & Carv.-Silva
